date,validGroups,flaggedGroups,flaggedPct,naiveGroups,diverseGroups,randomExpectedGroups,naiveMeanIndex,diverseMeanIndex,naiveVisits,diverseVisits
2025-01-01,21,7,33.333333333333336,2,5,4.313980668570497,98.26686656671663,97.62808759554648,5,5
2025-01-02,21,9,42.857142857142854,2,5,4.313980668570497,98.7001499250375,98.30303290977463,5,5
2025-01-03,21,5,23.80952380952381,1,5,4.313980668570497,97.95081967213115,97.62295081967213,5,5
2025-01-04,21,0,0,2,5,4.313980668570497,85.81967213114756,82.73660283785645,5,5
2025-01-05,21,3,14.285714285714286,3,5,4.313980668570497,96.66666666666667,94.33333333333333,5,5
2025-01-06,21,7,33.333333333333336,2,5,4.313980668570497,98.33333333333333,97.16666666666666,5,5
2025-01-07,21,14,66.66666666666667,1,5,4.313980668570497,100,100,5,5
2025-01-08,21,6,28.571428571428573,2,5,4.313980668570497,100,100,5,5
2025-01-09,21,6,28.571428571428573,1,5,4.313980668570497,95.83333333333333,95.33333333333333,5,5
2025-01-10,21,4,19.047619047619047,1,5,4.313980668570497,98.36065573770492,96.85792349726776,5,5
2025-01-11,21,4,19.047619047619047,2,5,4.313980668570497,97.00000000000001,95.00000000000001,5,5
2025-01-12,21,7,33.333333333333336,3,5,4.313980668570497,97.00000000000001,96.83333333333334,5,5
2025-01-13,21,3,14.285714285714286,3,5,4.313980668570497,95.5,93.66666666666667,5,5
2025-01-14,21,0,0,4,5,4.313980668570497,88.4621848739496,88.4621848739496,5,5
2025-01-15,21,0,0,4,5,4.313980668570497,89.32773109243698,89.32773109243698,5,5
2025-01-16,21,0,0,4,5,4.313980668570497,91.68067226890757,91.68067226890757,5,5
2025-01-17,21,0,0,4,5,4.313980668570497,93.94957983193278,93.94957983193278,5,5
2025-01-18,21,5,23.80952380952381,4,5,4.313980668570497,96.30252100840337,96.30252100840337,5,5
2025-01-19,21,5,23.80952380952381,3,5,4.313980668570497,97.89915966386555,97.89915966386555,5,5
2025-01-20,21,6,28.571428571428573,3,5,4.313980668570497,98.73949579831933,98.73949579831933,5,5
2025-01-21,21,0,0,2,5,4.313980668570497,93.0327868852459,91.71311475409836,5,5
2025-01-22,21,3,14.285714285714286,4,5,4.313980668570497,95.33333333333334,94.5,5,5
2025-01-23,21,2,9.523809523809524,2,5,4.313980668570497,95.08196721311475,92.72677595628414,5,5
2025-01-24,21,8,38.095238095238095,4,5,4.313980668570497,95.86612021857924,95.86612021857924,5,5
2025-01-25,21,8,38.095238095238095,5,5,4.313980668570497,96.16666666666666,96.16666666666666,5,5
2025-01-26,21,0,0,2,5,4.313980668570497,94.16666666666667,91,5,5
2025-01-27,21,8,38.095238095238095,3,5,4.313980668570497,99.16666666666667,98.83333333333333,5,5
2025-01-28,21,9,42.857142857142854,4,5,4.313980668570497,99.66666666666667,99.33333333333334,5,5
2025-01-29,21,9,42.857142857142854,1,5,4.313980668570497,100,100,5,5
2025-01-30,21,0,0,1,5,4.313980668570497,90.75630252100841,90.58823529411765,5,5
2025-01-31,21,0,0,2,5,4.313980668570497,87.39495798319328,86.05042016806722,5,5
2025-02-01,21,0,0,3,5,4.313980668570497,75.83333333333333,75.08469338148483,5,5
2025-02-02,21,0,0,2,5,4.313980668570497,77.25000000000001,76.74999999999999,5,5
2025-02-03,21,0,0,3,5,4.313980668570497,71.90082644628099,70.9090909090909,5,5
2025-02-04,21,0,0,2,5,4.313980668570497,85.9504132231405,85.61983471074379,5,5
2025-02-05,21,4,19.047619047619047,4,5,4.313980668570497,98.26446280991736,97.35537190082644,5,5
2025-02-06,21,0,0,2,5,4.313980668570497,83.05785123966942,80.9090909090909,5,5
2025-02-07,21,0,0,2,5,4.313980668570497,85.53719008264463,78.54338842975207,5,5
2025-02-08,21,0,0,1,5,4.313980668570497,84.29752066115702,73.80165289256199,5,5
2025-02-09,21,0,0,2,5,4.313980668570497,78.92561983471074,75.12396694214877,5,5
2025-02-10,21,0,0,2,5,4.313980668570497,82.64462809917356,78.26446280991736,5,5
2025-02-11,21,0,0,3,5,4.313980668570497,84.29752066115702,83.63636363636365,5,5
2025-02-12,21,0,0,4,5,4.313980668570497,82.23140495867769,80.66115702479338,5,5
2025-02-13,21,0,0,3,5,4.313980668570497,79.50413223140497,78.84297520661157,5,5
2025-02-14,21,0,0,3,5,4.313980668570497,80.16528925619834,79.3388429752066,5,5
2025-02-15,21,0,0,3,5,4.313980668570497,86.94214876033058,85.37190082644628,5,5
2025-02-16,21,0,0,3,5,4.313980668570497,88.59504132231405,88.099173553719,5,5
2025-02-17,21,0,0,3,5,4.313980668570497,87.60330578512396,87.60330578512396,5,5
2025-02-18,21,0,0,3,5,4.313980668570497,89.91735537190081,89.91735537190081,5,5
2025-02-19,21,0,0,3,5,4.313980668570497,92.23140495867769,92.23140495867769,5,5
2025-02-20,21,0,0,3,5,4.313980668570497,90.24793388429752,88.7603305785124,5,5
2025-02-21,21,3,14.285714285714286,3,5,4.313980668570497,98.34710743801652,93.47107438016528,5,5
2025-02-22,21,0,0,1,5,4.313980668570497,84.29752066115702,81.98347107438016,5,5
2025-02-23,21,0,0,3,5,4.313980668570497,90.9090909090909,87.76859504132231,5,5
2025-02-24,21,0,0,1,5,4.313980668570497,82.64462809917356,80,5,5
2025-02-25,21,0,0,2,5,4.313980668570497,76.85950413223141,76.36363636363636,5,5
2025-02-26,21,2,9.523809523809524,2,5,4.313980668570497,95.04132231404958,89.42148760330579,5,5
2025-02-27,21,0,0,2,5,4.313980668570497,91.73553719008264,86.61157024793388,5,5
2025-02-28,21,0,0,2,5,4.313980668570497,88.4297520661157,80.24793388429751,5,5
2025-03-01,21,0,0,3,5,4.313980668570497,78.01652892561982,78.01652892561982,5,5
2025-03-02,21,6,28.571428571428573,2,5,4.313980668570497,97.52066115702479,97.52066115702479,5,5
2025-03-03,21,6,28.571428571428573,2,5,4.313980668570497,99.17355371900827,99.17355371900827,5,5
2025-03-04,21,6,28.571428571428573,3,5,4.313980668570497,98.34710743801652,98.18181818181817,5,5
2025-03-05,21,6,28.571428571428573,3,5,4.313980668570497,99.17355371900827,99.00826446280992,5,5
2025-03-06,21,9,42.857142857142854,2,5,4.313980668570497,100,100,5,5
2025-03-07,21,5,23.80952380952381,3,5,4.313980668570497,98.34710743801652,97.02479338842974,5,5
2025-03-08,21,9,42.857142857142854,3,5,4.313980668570497,98.34710743801652,97.10743801652892,5,5
2025-03-09,21,9,42.857142857142854,3,5,4.313980668570497,97.52066115702479,97.02479338842974,5,5
2025-03-10,21,3,14.285714285714286,1,5,4.313980668570497,96.69421487603306,95.53719008264463,5,5
2025-03-11,21,2,9.523809523809524,2,5,4.313980668570497,95.04132231404958,94.04958677685951,5,5
2025-03-12,21,0,0,3,5,4.313980668570497,93.05785123966942,92.56198347107438,5,5
2025-03-13,21,2,9.523809523809524,2,5,4.313980668570497,95.04132231404958,84.62809917355371,5,5
2025-03-14,21,0,0,2,5,4.313980668570497,94.21487603305785,83.96694214876032,5,5
2025-03-15,21,0,0,2,5,4.313980668570497,91.73553719008264,85.78512396694215,5,5
2025-03-16,21,0,0,2,5,4.313980668570497,84.29752066115702,82.56198347107438,5,5
2025-03-17,21,0,0,2,5,4.313980668570497,90.08264462809917,87.02479338842974,5,5
2025-03-18,21,2,9.523809523809524,1,5,4.313980668570497,95.86776859504133,94.54545454545455,5,5
2025-03-19,21,3,14.285714285714286,2,5,4.313980668570497,96.28099173553719,94.21487603305785,5,5
2025-03-20,21,3,14.285714285714286,2,5,4.313980668570497,97.10743801652893,95.04132231404958,5,5
2025-03-21,21,8,38.095238095238095,1,5,4.313980668570497,99.17355371900827,98.84297520661156,5,5
2025-03-22,21,8,38.095238095238095,1,5,4.313980668570497,100,100,5,5
2025-03-23,21,14,66.66666666666667,1,5,4.313980668570497,99.17355371900827,98.51239669421486,5,5
2025-03-24,21,6,28.571428571428573,2,5,4.313980668570497,96.28099173553719,96.28099173553719,5,5
2025-03-25,21,6,28.571428571428573,2,5,4.313980668570497,97.10743801652893,97.10743801652893,5,5
2025-03-26,21,6,28.571428571428573,2,5,4.313980668570497,97.93388429752066,97.93388429752066,5,5
2025-03-27,21,6,28.571428571428573,2,5,4.313980668570497,98.7603305785124,98.7603305785124,5,5
2025-03-28,21,7,33.333333333333336,2,5,4.313980668570497,99.58677685950413,99.58677685950413,5,5
2025-03-29,21,7,33.333333333333336,2,5,4.313980668570497,100,100,5,5
2025-03-30,21,0,0,2,5,4.313980668570497,90.90909090909092,90.49586776859505,5,5
2025-03-31,21,0,0,4,5,4.313980668570497,94.18032786885246,94.01639344262296,5,5
2025-04-01,21,3,14.285714285714286,2,5,4.313980668570497,96.47540983606558,95.57377049180327,5,5
2025-04-02,21,4,19.047619047619047,2,5,4.313980668570497,96.31147540983606,95.65573770491804,5,5
2025-04-03,21,9,42.857142857142854,2,5,4.313980668570497,98.77049180327869,98.1967213114754,5,5
2025-04-04,21,3,14.285714285714286,3,5,4.313980668570497,100,97.37704918032787,5,5
2025-04-05,21,3,14.285714285714286,3,5,4.313980668570497,100,96.72131147540983,5,5
2025-04-06,21,3,14.285714285714286,3,5,4.313980668570497,100,97.21311475409837,5,5
2025-04-07,21,6,28.571428571428573,3,5,4.313980668570497,100,98.1967213114754,5,5
2025-04-08,21,13,61.904761904761905,3,5,4.313980668570497,100,98.68852459016394,5,5
2025-04-09,21,14,66.66666666666667,3,5,4.313980668570497,100,99.34426229508196,5,5
2025-04-10,21,13,61.904761904761905,3,5,4.313980668570497,100,99.67213114754098,5,5
2025-04-11,21,13,61.904761904761905,3,5,4.313980668570497,100,99.91803278688525,5,5
2025-04-12,21,14,66.66666666666667,3,5,4.313980668570497,100,100,5,5
2025-04-13,21,2,9.523809523809524,3,5,4.313980668570497,95.24590163934424,93.11475409836066,5,5
2025-04-14,21,6,28.571428571428573,1,5,4.313980668570497,97.54098360655738,97.04918032786885,5,5
2025-04-15,21,8,38.095238095238095,2,5,4.313980668570497,98.68852459016394,98.36065573770493,5,5
2025-04-16,21,9,42.857142857142854,2,5,4.313980668570497,98.68852459016394,98.52459016393443,5,5
2025-04-17,21,4,19.047619047619047,1,5,4.313980668570497,96.72131147540983,95.40983606557377,5,5
2025-04-18,21,3,14.285714285714286,1,5,4.313980668570497,96.72131147540983,95.40983606557377,5,5
2025-04-19,21,8,38.095238095238095,1,5,4.313980668570497,97.54098360655738,97.21311475409837,5,5
2025-04-20,21,9,42.857142857142854,1,5,4.313980668570497,98.36065573770492,97.86885245901638,5,5
2025-04-21,21,9,42.857142857142854,4,5,4.313980668570497,97.54098360655738,97.54098360655738,5,5
2025-04-22,21,0,0,4,5,4.313980668570497,90.1639344262295,88.68852459016394,5,5
2025-04-23,21,0,0,4,5,4.313980668570497,80.49180327868854,80.32786885245903,5,5
2025-04-24,21,0,0,3,5,4.313980668570497,78.85245901639345,78.52459016393443,5,5
2025-04-25,21,0,0,1,5,4.313980668570497,78.68852459016394,76.31147540983606,5,5
2025-04-26,21,0,0,1,5,4.313980668570497,82.78688524590164,81.31147540983606,5,5
2025-04-27,21,0,0,2,5,4.313980668570497,91.80327868852459,88.36065573770492,5,5
2025-04-28,21,0,0,1,5,4.313980668570497,93.44262295081967,92.45901639344261,5,5
2025-04-29,21,3,14.285714285714286,3,5,4.313980668570497,96.72131147540983,93.27868852459017,5,5
2025-04-30,21,3,14.285714285714286,3,5,4.313980668570497,99.18032786885246,96.0655737704918,5,5
2025-05-01,21,3,14.285714285714286,3,5,4.313980668570497,100,97.21311475409836,5,5
2025-05-02,21,11,52.38095238095238,1,5,4.313980668570497,100,99.8360655737705,5,5
2025-05-03,21,8,38.095238095238095,1,5,4.313980668570497,100,99.67213114754098,5,5
2025-05-04,21,9,42.857142857142854,1,5,4.313980668570497,100,100,5,5
2025-05-05,21,9,42.857142857142854,1,5,4.313980668570497,100,99.8360655737705,5,5
2025-05-06,21,4,19.047619047619047,1,5,4.313980668570497,99.18032786885246,97.78688524590163,5,5
2025-05-07,21,0,0,3,5,4.313980668570497,92.21311475409836,82.86885245901638,5,5
2025-05-08,21,0,0,3,5,4.313980668570497,92.21311475409836,85.81967213114754,5,5
2025-05-09,21,0,0,3,5,4.313980668570497,92.21311475409836,89.42622950819671,5,5
2025-05-10,21,0,0,1,5,4.313980668570497,92.62295081967213,92.1311475409836,5,5
2025-05-11,21,3,14.285714285714286,3,5,4.313980668570497,97.54098360655738,91.14754098360656,5,5
2025-05-12,21,1,4.761904761904762,1,5,4.313980668570497,95.90163934426229,89.26229508196721,5,5
2025-05-13,21,1,4.761904761904762,1,5,4.313980668570497,95.08196721311475,90.32786885245903,5,5
2025-05-14,21,0,0,2,5,4.313980668570497,93.44262295081967,90,5,5
2025-05-15,21,0,0,2,5,4.313980668570497,92.21311475409836,89.34426229508196,5,5
2025-05-16,21,0,0,2,5,4.313980668570497,92.21311475409836,89.83606557377047,5,5
2025-05-17,21,0,0,2,5,4.313980668570497,92.21311475409836,90.327868852459,5,5
2025-05-18,21,0,0,2,5,4.313980668570497,92.21311475409836,91.9672131147541,5,5
2025-05-19,21,4,19.047619047619047,2,5,4.313980668570497,99.01639344262296,97.8688524590164,5,5
2025-05-20,21,4,19.047619047619047,1,5,4.313980668570497,100,98.77049180327869,5,5
2025-05-21,21,4,19.047619047619047,1,5,4.313980668570497,100,98.9344262295082,5,5
2025-05-22,21,6,28.571428571428573,2,5,4.313980668570497,95.49180327868852,95.24590163934427,5,5
2025-05-23,21,2,9.523809523809524,2,5,4.313980668570497,96.31147540983606,86.31147540983606,5,5
2025-05-24,21,0,0,3,5,4.313980668570497,81.6393442622951,81.47540983606558,5,5
2025-05-25,21,0,0,2,5,4.313980668570497,88.85245901639344,87.70491803278688,5,5
2025-05-26,21,0,0,1,5,4.313980668570497,93.44262295081967,91.2295081967213,5,5
2025-05-27,21,4,19.047619047619047,1,5,4.313980668570497,97.54098360655738,96.0655737704918,5,5
2025-05-28,21,6,28.571428571428573,1,5,4.313980668570497,99.18032786885246,97.95081967213113,5,5
2025-05-29,21,11,52.38095238095238,1,5,4.313980668570497,100,99.59016393442623,5,5
2025-05-30,21,4,19.047619047619047,1,5,4.313980668570497,100,97.8688524590164,5,5
2025-05-31,21,6,28.571428571428573,1,5,4.313980668570497,100,99.34426229508196,5,5
2025-06-01,21,0,0,1,5,4.313980668570497,92.62295081967213,86.3934426229508,5,5
2025-06-02,21,0,0,1,5,4.313980668570497,94.26229508196721,92.62295081967213,5,5
2025-06-03,21,4,19.047619047619047,2,5,4.313980668570497,96.22950819672133,95.57377049180327,5,5
2025-06-04,21,7,33.333333333333336,1,5,4.313980668570497,100,99.42622950819671,5,5
2025-06-05,21,4,19.047619047619047,1,5,4.313980668570497,97.95081967213115,96.72131147540983,5,5
2025-06-06,21,10,47.61904761904762,2,5,4.313980668570497,99.18032786885246,99.01639344262294,5,5
2025-06-07,21,13,61.904761904761905,2,5,4.313980668570497,100,99.91803278688525,5,5
2025-06-08,21,10,47.61904761904762,1,5,4.313980668570497,100,100,5,5
2025-06-09,21,6,28.571428571428573,2,5,4.313980668570497,100,100,5,5
2025-06-10,21,5,23.80952380952381,2,5,4.313980668570497,98.68852459016394,98.68852459016394,5,5
2025-06-11,21,5,23.80952380952381,2,5,4.313980668570497,99.34426229508196,99.34426229508196,5,5
2025-06-12,21,7,33.333333333333336,4,5,4.313980668570497,99.34426229508196,98.68852459016394,5,5
2025-06-13,21,8,38.095238095238095,3,5,4.313980668570497,100,99.67213114754098,5,5
2025-06-14,21,1,4.761904761904762,3,5,4.313980668570497,95.73770491803279,90.32786885245903,5,5
2025-06-15,21,3,14.285714285714286,3,5,4.313980668570497,96.3934426229508,93.27868852459015,5,5
2025-06-16,21,7,33.333333333333336,1,5,4.313980668570497,100,100,5,5
2025-06-17,21,7,33.333333333333336,1,5,4.313980668570497,100,100,5,5
2025-06-18,21,2,9.523809523809524,4,5,4.313980668570497,95.57377049180327,94.91803278688523,5,5
2025-06-19,21,4,19.047619047619047,1,5,4.313980668570497,97.54098360655738,96.63934426229508,5,5
2025-06-20,21,4,19.047619047619047,2,5,4.313980668570497,97.86885245901638,95.65573770491804,5,5
2025-06-21,21,7,33.333333333333336,3,5,4.313980668570497,100,100,5,5
2025-06-22,21,4,19.047619047619047,1,5,4.313980668570497,97.1311475409836,94.18032786885246,5,5
2025-06-23,21,4,19.047619047619047,1,5,4.313980668570497,97.1311475409836,95.90163934426229,5,5
2025-06-24,21,4,19.047619047619047,1,5,4.313980668570497,97.95081967213115,95.08196721311475,5,5
2025-06-25,21,4,19.047619047619047,1,5,4.313980668570497,100,98.0327868852459,5,5
2025-06-26,21,1,4.761904761904762,2,5,4.313980668570497,94.09836065573771,92.1311475409836,5,5
2025-06-27,21,3,14.285714285714286,3,5,4.313980668570497,95.40983606557377,94.59016393442623,5,5
2025-06-28,21,9,42.857142857142854,3,5,4.313980668570497,98.0327868852459,97.86885245901638,5,5
2025-06-29,21,9,42.857142857142854,3,5,4.313980668570497,99.672131147541,99.50819672131149,5,5
2025-06-30,21,12,57.142857142857146,3,5,4.313980668570497,100,100,5,5
2025-07-01,21,8,38.095238095238095,3,5,4.313980668570497,100,100,5,5
2025-07-02,21,3,14.285714285714286,2,5,4.313980668570497,99.18032786885246,96.72131147540983,5,5
2025-07-03,21,5,23.80952380952381,4,5,4.313980668570497,97.70491803278688,97.54098360655738,5,5
2025-07-04,21,7,33.333333333333336,1,5,4.313980668570497,97.54098360655738,96.55737704918033,5,5
2025-07-05,21,0,0,1,5,4.313980668570497,93.44262295081967,92.62295081967213,5,5
2025-07-06,21,3,14.285714285714286,1,5,4.313980668570497,100,96.3934426229508,5,5
2025-07-07,21,3,14.285714285714286,1,5,4.313980668570497,100,96.72131147540983,5,5
2025-07-08,21,8,38.095238095238095,1,5,4.313980668570497,100,98.1967213114754,5,5
2025-07-09,21,0,0,1,5,4.313980668570497,88.11475409836065,87.62295081967213,5,5
2025-07-10,21,0,0,4,5,4.313980668570497,89.672131147541,89.59016393442623,5,5
2025-07-11,21,6,28.571428571428573,2,5,4.313980668570497,97.54098360655738,97.54098360655738,5,5
2025-07-12,21,6,28.571428571428573,2,5,4.313980668570497,97.54098360655738,97.54098360655738,5,5
2025-07-13,21,0,0,1,5,4.313980668570497,93.44262295081967,89.01639344262296,5,5
2025-07-14,21,3,14.285714285714286,1,5,4.313980668570497,95.49180327868852,89.09836065573771,5,5
2025-07-15,21,2,9.523809523809524,2,5,4.313980668570497,96.72131147540983,94.59016393442622,5,5
2025-07-16,21,8,38.095238095238095,1,5,4.313980668570497,98.36065573770492,98.0327868852459,5,5
2025-07-17,21,12,57.142857142857146,2,5,4.313980668570497,100,100,5,5
2025-07-18,21,8,38.095238095238095,2,5,4.313980668570497,100,100,5,5
2025-07-19,21,9,42.857142857142854,2,5,4.313980668570497,100,100,5,5
2025-07-20,21,6,28.571428571428573,2,5,4.313980668570497,100,100,5,5
2025-07-21,21,6,28.571428571428573,2,5,4.313980668570497,100,99.8360655737705,5,5
2025-07-22,21,6,28.571428571428573,2,5,4.313980668570497,100,100,5,5
2025-07-23,21,6,28.571428571428573,3,5,4.313980668570497,98.36065573770492,98.0327868852459,5,5
2025-07-24,21,6,28.571428571428573,2,5,4.313980668570497,100,100,5,5
2025-07-25,21,9,42.857142857142854,2,5,4.313980668570497,100,100,5,5
2025-07-26,21,6,28.571428571428573,4,5,4.313980668570497,97.95081967213113,97.95081967213113,5,5
2025-07-27,21,0,0,2,5,4.313980668570497,88.11475409836065,87.70491803278688,5,5
2025-07-28,21,4,19.047619047619047,2,5,4.313980668570497,97.1311475409836,96.0655737704918,5,5
2025-07-29,21,6,28.571428571428573,2,5,4.313980668570497,97.54098360655738,96.39344262295081,5,5
2025-07-30,21,6,28.571428571428573,2,5,4.313980668570497,96.72131147540983,96.06557377049181,5,5
2025-07-31,21,0,0,3,5,4.313980668570497,93.11475409836066,92.95081967213116,5,5
2025-08-01,21,0,0,2,5,4.313980668570497,93.44262295081967,93.44262295081967,5,5
2025-08-02,21,0,0,2,5,4.313980668570497,93.44262295081967,90.81967213114754,5,5
2025-08-03,21,5,23.80952380952381,1,5,4.313980668570497,99.18032786885246,98.85245901639344,5,5
2025-08-04,21,0,0,3,5,4.313980668570497,94.26229508196721,94.09836065573771,5,5
2025-08-05,21,2,9.523809523809524,3,5,4.313980668570497,95.73770491803278,94.75409836065573,5,5
2025-08-06,21,0,0,1,5,4.313980668570497,89.75409836065573,88.3606557377049,5,5
2025-08-07,21,0,0,1,5,4.313980668570497,93.44262295081967,90.73770491803279,5,5
2025-08-08,21,3,14.285714285714286,1,5,4.313980668570497,95.08196721311475,93.11475409836065,5,5
2025-08-09,21,4,19.047619047619047,1,5,4.313980668570497,96.72131147540983,95.40983606557377,5,5
2025-08-10,21,6,28.571428571428573,2,5,4.313980668570497,96.72131147540983,96.72131147540983,5,5
2025-08-11,21,6,28.571428571428573,1,5,4.313980668570497,100,99.01639344262296,5,5
2025-08-12,21,7,33.333333333333336,1,5,4.313980668570497,99.59016393442623,99.42622950819673,5,5
2025-08-13,21,12,57.142857142857146,2,5,4.313980668570497,98.36065573770492,98.36065573770492,5,5
2025-08-14,21,11,52.38095238095238,2,5,4.313980668570497,99.59016393442623,98.1967213114754,5,5
2025-08-15,21,9,42.857142857142854,2,5,4.313980668570497,100,99.26229508196721,5,5
2025-08-16,21,7,33.333333333333336,3,5,4.313980668570497,100,99.34426229508196,5,5
2025-08-17,21,9,42.857142857142854,3,5,4.313980668570497,100,98.68852459016394,5,5
2025-08-18,21,9,42.857142857142854,3,5,4.313980668570497,100,99.50819672131148,5,5
2025-08-19,21,3,14.285714285714286,3,5,4.313980668570497,100,96.31147540983606,5,5
2025-08-20,21,3,14.285714285714286,3,5,4.313980668570497,100,95.40983606557377,5,5
2025-08-21,21,7,33.333333333333336,3,5,4.313980668570497,100,99.672131147541,5,5
2025-08-22,21,7,33.333333333333336,3,5,4.313980668570497,100,98.36065573770493,5,5
2025-08-23,21,3,14.285714285714286,3,5,4.313980668570497,100,97.70491803278688,5,5
2025-08-24,21,3,14.285714285714286,3,5,4.313980668570497,100,94.34426229508196,5,5
2025-08-25,21,4,19.047619047619047,3,5,4.313980668570497,100,96.31147540983606,5,5
2025-08-26,21,3,14.285714285714286,3,5,4.313980668570497,100,95.65573770491804,5,5
2025-08-27,21,7,33.333333333333336,3,5,4.313980668570497,100,100,5,5
2025-08-28,21,4,19.047619047619047,1,5,4.313980668570497,100,97.78688524590163,5,5
2025-08-29,21,4,19.047619047619047,1,5,4.313980668570497,100,98.85245901639344,5,5
2025-08-30,21,2,9.523809523809524,2,5,4.313980668570497,97.54098360655738,93.85245901639344,5,5
2025-08-31,21,5,23.80952380952381,2,5,4.313980668570497,97.54098360655738,96.55737704918033,5,5
2025-09-01,21,3,14.285714285714286,1,5,4.313980668570497,95.90163934426229,92.1311475409836,5,5
2025-09-02,21,3,14.285714285714286,1,5,4.313980668570497,95.90163934426229,92.78688524590163,5,5
2025-09-03,21,0,0,2,5,4.313980668570497,81.9672131147541,78.0327868852459,5,5
2025-09-04,21,0,0,2,5,4.313980668570497,81.9672131147541,80.32786885245902,5,5
2025-09-05,21,0,0,2,5,4.313980668570497,83.60655737704919,83.27868852459018,5,5
2025-09-06,21,0,0,1,5,4.313980668570497,84.01639344262296,83.19672131147543,5,5
2025-09-07,21,3,14.285714285714286,1,5,4.313980668570497,97.54098360655738,95.08196721311475,5,5
2025-09-08,21,0,0,1,5,4.313980668570497,90.98360655737704,90.1639344262295,5,5
2025-09-09,21,0,0,2,5,4.313980668570497,90.49180327868852,90.1639344262295,5,5
2025-09-10,21,3,14.285714285714286,3,5,4.313980668570497,99.34426229508196,96.0655737704918,5,5
2025-09-11,21,6,28.571428571428573,2,5,4.313980668570497,100,98.68852459016394,5,5
2025-09-12,21,6,28.571428571428573,2,5,4.313980668570497,100,99.34426229508196,5,5
2025-09-13,21,6,28.571428571428573,2,5,4.313980668570497,100,99.18032786885246,5,5
2025-09-14,21,1,4.761904761904762,2,5,4.313980668570497,91.14754098360655,90.327868852459,5,5
2025-09-15,21,2,9.523809523809524,1,5,4.313980668570497,95.08196721311475,91.31147540983606,5,5
2025-09-16,21,2,9.523809523809524,1,5,4.313980668570497,95.90163934426229,89.67213114754098,5,5
2025-09-17,21,0,0,3,5,4.313980668570497,80.1639344262295,78.77049180327869,5,5
2025-09-18,21,0,0,2,5,4.313980668570497,82.78688524590163,82.62295081967213,5,5
2025-09-19,21,0,0,1,5,4.313980668570497,94.26229508196721,90.49180327868852,5,5
2025-09-20,21,0,0,3,5,4.313980668570497,80.57377049180329,79.09836065573771,5,5
2025-09-21,21,0,0,3,5,4.313980668570497,81.88524590163935,81.22950819672131,5,5
2025-09-22,21,0,0,3,5,4.313980668570497,91.39344262295083,90.40983606557377,5,5
2025-09-23,21,1,4.761904761904762,2,5,4.313980668570497,94.09836065573771,89.83606557377048,5,5
2025-09-24,21,0,0,2,5,4.313980668570497,80.49180327868854,79.91803278688526,5,5
2025-09-25,21,0,0,2,5,4.313980668570497,82.78688524590164,80.73770491803279,5,5
2025-09-26,21,0,0,2,5,4.313980668570497,85.65573770491804,83.60655737704919,5,5
2025-09-27,21,0,0,2,5,4.313980668570497,87.70491803278688,86.80327868852457,5,5
2025-09-28,21,0,0,1,5,4.313980668570497,90.98360655737704,89.672131147541,5,5
2025-09-29,21,0,0,2,5,4.313980668570497,90.98360655737704,84.59016393442622,5,5
2025-09-30,21,0,0,2,5,4.313980668570497,92.21311475409836,86.9672131147541,5,5
2025-10-01,21,0,0,3,5,4.313980668570497,93.0327868852459,88.9344262295082,5,5
2025-10-02,21,0,0,3,5,4.313980668570497,93.85245901639344,89.59016393442623,5,5
2025-10-03,21,0,0,2,5,4.313980668570497,85.16393442622952,84.26229508196721,5,5
2025-10-04,21,6,28.571428571428573,2,5,4.313980668570497,99.18032786885246,99.18032786885246,5,5
2025-10-05,21,6,28.571428571428573,2,5,4.313980668570497,100,99.67213114754098,5,5
2025-10-06,21,6,28.571428571428573,4,5,4.313980668570497,99.34426229508196,99.34426229508196,5,5
2025-10-07,21,0,0,3,5,4.313980668570497,80.32786885245902,80.08196721311477,5,5
2025-10-08,21,0,0,1,5,4.313980668570497,80.73770491803279,80.73770491803279,5,5
2025-10-09,21,0,0,1,5,4.313980668570497,82.37704918032787,82.37704918032787,5,5
2025-10-10,21,0,0,3,5,4.313980668570497,85.73770491803279,85.16393442622953,5,5
2025-10-11,21,0,0,2,5,4.313980668570497,89.34426229508196,88.0327868852459,5,5
2025-10-12,21,0,0,1,5,4.313980668570497,87.29508196721312,87.29508196721312,5,5
2025-10-13,21,0,0,1,5,4.313980668570497,88.93442622950819,88.93442622950819,5,5
2025-10-14,21,0,0,1,5,4.313980668570497,90.57377049180327,90.57377049180327,5,5
2025-10-15,21,0,0,1,5,4.313980668570497,92.21311475409836,92.21311475409836,5,5
2025-10-16,21,0,0,1,5,4.313980668570497,93.85245901639344,93.85245901639344,5,5
2025-10-17,21,5,23.80952380952381,1,5,4.313980668570497,95.49180327868852,95.49180327868852,5,5
2025-10-18,21,5,23.80952380952381,1,5,4.313980668570497,97.1311475409836,97.1311475409836,5,5
2025-10-19,21,0,0,1,5,4.313980668570497,92.21311475409836,90.90163934426229,5,5
2025-10-20,21,0,0,1,5,4.313980668570497,71.31147540983606,69.83606557377048,5,5
2025-10-21,21,0,0,2,5,4.313980668570497,92.62295081967213,91.31147540983606,5,5
2025-10-22,21,6,28.571428571428573,2,5,4.313980668570497,98.36065573770492,97.54098360655738,5,5
2025-10-23,21,6,28.571428571428573,3,5,4.313980668570497,98.36065573770492,98.0327868852459,5,5
2025-10-24,21,6,28.571428571428573,2,5,4.313980668570497,98.36065573770492,98.36065573770492,5,5
2025-10-25,21,8,38.095238095238095,2,5,4.313980668570497,98.36065573770492,98.36065573770492,5,5
2025-10-26,21,8,38.095238095238095,2,5,4.313980668570497,98.36065573770492,98.36065573770492,5,5
2025-10-27,21,0,0,1,5,4.313980668570497,87.70491803278688,85.73770491803279,5,5
2025-10-28,21,0,0,1,5,4.313980668570497,77.04918032786885,73.44262295081967,5,5
2025-10-29,21,0,0,1,5,4.313980668570497,81.9672131147541,77.54098360655738,5,5
2025-10-30,21,0,0,1,5,4.313980668570497,81.9672131147541,80.00000000000001,5,5
2025-10-31,21,3,14.285714285714286,1,5,4.313980668570497,95.08196721311475,94.09836065573771,5,5
2025-11-01,21,5,23.80952380952381,1,5,4.313980668570497,98.36065573770492,98.1967213114754,5,5
2025-11-02,21,5,23.80952380952381,1,5,4.313980668570497,98.36065573770492,98.1967213114754,5,5
2025-11-03,21,5,23.80952380952381,2,5,4.313980668570497,95.08196721311475,95.08196721311475,5,5
2025-11-04,21,4,19.047619047619047,2,5,4.313980668570497,95.08196721311475,94.91803278688523,5,5
2025-11-05,21,5,23.80952380952381,3,5,4.313980668570497,96.0655737704918,95.73770491803279,5,5
2025-11-06,21,5,23.80952380952381,4,5,4.313980668570497,96.39344262295081,96.0655737704918,5,5
2025-11-07,21,5,23.80952380952381,1,5,4.313980668570497,98.36065573770492,98.1967213114754,5,5
2025-11-08,21,4,19.047619047619047,2,5,4.313980668570497,99.01639344262296,97.1311475409836,5,5
2025-11-09,21,0,0,1,5,4.313980668570497,92.21311475409836,90.57377049180329,5,5
2025-11-10,21,0,0,2,5,4.313980668570497,85.90163934426229,83.36065573770493,5,5
2025-11-11,21,0,0,1,5,4.313980668570497,81.9672131147541,79.59016393442624,5,5
2025-11-12,21,0,0,2,5,4.313980668570497,92.62295081967213,92.62295081967213,5,5
2025-11-13,21,5,23.80952380952381,1,5,4.313980668570497,100,99.8360655737705,5,5
2025-11-14,21,5,23.80952380952381,1,5,4.313980668570497,100,100,5,5
2025-11-15,21,5,23.80952380952381,1,5,4.313980668570497,100,100,5,5
2025-11-16,21,5,23.80952380952381,1,5,4.313980668570497,98.36065573770492,97.70491803278688,5,5
2025-11-17,21,2,9.523809523809524,1,5,4.313980668570497,97.54098360655738,95.08196721311477,5,5
2025-11-18,21,0,0,2,5,4.313980668570497,91.80327868852459,89.67213114754097,5,5
2025-11-19,21,2,9.523809523809524,2,5,4.313980668570497,97.54098360655738,94.83606557377048,5,5
2025-11-20,21,5,23.80952380952381,2,5,4.313980668570497,97.54098360655738,96.47540983606557,5,5
2025-11-21,21,7,33.333333333333336,1,5,4.313980668570497,99.18032786885246,96.39344262295081,5,5
2025-11-22,21,0,0,2,5,4.313980668570497,94.26229508196721,87.70491803278688,5,5
2025-11-23,21,0,0,2,5,4.313980668570497,81.9672131147541,81.14754098360655,5,5
2025-11-24,21,0,0,1,5,4.313980668570497,91.80327868852459,91.47540983606557,5,5
2025-11-25,21,7,33.333333333333336,2,5,4.313980668570497,100,98.36065573770493,5,5
2025-11-26,21,3,14.285714285714286,2,5,4.313980668570497,100,94.75409836065573,5,5
2025-11-27,21,3,14.285714285714286,2,5,4.313980668570497,100,94.09836065573771,5,5
2025-11-28,21,0,0,1,5,4.313980668570497,94.26229508196721,93.77049180327869,5,5
2025-11-29,21,0,0,1,5,4.313980668570497,93.44262295081967,92.78688524590164,5,5
2025-11-30,21,0,0,4,5,4.313980668570497,93.27868852459017,93.11475409836065,5,5
2025-12-01,21,6,28.571428571428573,3,5,4.313980668570497,95.90163934426229,95.90163934426229,5,5
2025-12-02,21,6,28.571428571428573,3,5,4.313980668570497,97.85123966942149,97.85123966942149,5,5
2025-12-03,21,0,0,4,5,4.313980668570497,92.83333333333334,92.66666666666667,5,5
2025-12-04,21,2,9.523809523809524,5,5,4.313980668570497,93.66666666666666,93.66666666666666,5,5
2025-12-05,21,0,0,1,5,4.313980668570497,85,84.00000000000001,5,5
2025-12-06,21,0,0,2,5,4.313980668570497,92.5,92.33333333333333,5,5
2025-12-07,21,3,14.285714285714286,3,5,4.313980668570497,96.72131147540983,94.0327868852459,5,5
2025-12-08,21,9,42.857142857142854,2,5,4.313980668570497,99.16666666666667,98.66666666666666,5,5
2025-12-09,21,9,42.857142857142854,2,5,4.313980668570497,96.72131147540983,96.68852459016395,5,5
2025-12-10,21,9,42.857142857142854,2,5,4.313980668570497,96.66666666666667,96.16666666666666,5,5
2025-12-11,21,0,0,2,5,4.313980668570497,92.20089955022488,91.91929035482258,5,5
2025-12-12,21,4,19.047619047619047,2,5,4.313980668570497,95.66716641679162,95.02923538230885,5,5
2025-12-13,21,5,23.80952380952381,2,5,4.313980668570497,98.26686656671663,97.62808759554648,5,5
2025-12-14,21,11,52.38095238095238,2,5,4.313980668570497,99.56671664167916,99.16112025954234,5,5
2025-12-15,21,16,76.19047619047619,1,5,4.313980668570497,100,99.50819672131146,5,5
2025-12-16,21,13,61.904761904761905,1,5,4.313980668570497,100,99.8360655737705,5,5
2025-12-17,21,6,28.571428571428573,1,5,4.313980668570497,100,98.36065573770492,5,5
2025-12-18,21,10,47.61904761904762,3,5,4.313980668570497,99.75409836065575,99.50819672131149,5,5
2025-12-19,21,7,33.333333333333336,3,5,4.313980668570497,100,100,5,5
2025-12-20,21,1,4.761904761904762,2,5,4.313980668570497,96.5573770491803,95.40983606557377,5,5
2025-12-21,21,0,0,1,5,4.313980668570497,90.98360655737704,90.42349726775957,5,5
2025-12-22,21,0,0,1,5,4.313980668570497,91.66666666666667,90,5,5
2025-12-23,21,4,19.047619047619047,1,5,4.313980668570497,96.66666666666667,94.78688524590163,5,5
2025-12-24,21,0,0,1,5,4.313980668570497,93.44262295081967,92.67171786747484,5,5
2025-12-25,21,1,4.761904761904762,1,5,4.313980668570497,95.90163934426229,93.38476374156221,5,5
2025-12-26,21,3,14.285714285714286,1,5,4.313980668570497,97.54098360655738,95.53657528585204,5,5
2025-12-27,21,6,28.571428571428573,1,5,4.313980668570497,99.18032786885246,97.18418514946964,5,5
2025-12-28,21,9,42.857142857142854,1,5,4.313980668570497,100,98.50392616062818,5,5
2025-12-29,21,9,42.857142857142854,1,5,4.313980668570497,100,99.49993111998899,5,5
2025-12-30,21,9,42.857142857142854,3,5,4.313980668570497,100,99.91596638655463,5,5
2025-12-31,21,8,38.095238095238095,3,5,4.313980668570497,100,100,5,5
2026-01-01,21,3,14.285714285714286,3,5,4.313980668570497,100,97.40254872563719,5,5
2026-01-02,21,7,33.333333333333336,3,5,4.313980668570497,100,98.0952023988006,5,5
2026-01-03,21,4,19.047619047619047,2,5,4.313980668570497,96.53373313343327,94.22338830584707,5,5
2026-01-04,21,4,19.047619047619047,2,5,4.313980668570497,96.96701649175412,96.40379810094953,5,5
2026-01-05,21,7,33.333333333333336,3,5,4.313980668570497,97.07571214392803,97.07046476761619,5,5
2026-01-06,21,7,33.333333333333336,3,5,4.313980668570497,97.2423788105947,97.23713143428286,5,5
2026-01-07,21,3,14.285714285714286,3,5,4.313980668570497,96.16666666666666,86.49999999999999,5,5
2026-01-08,21,0,0,2,5,4.313980668570497,93.33333333333333,91.83333333333334,5,5
2026-01-09,21,3,14.285714285714286,3,5,4.313980668570497,100,95,5,5
2026-01-10,21,3,14.285714285714286,2,5,4.313980668570497,96.66666666666667,93.83333333333334,5,5
2026-01-11,21,0,0,2,5,4.313980668570497,93.33333333333333,88.66666666666666,5,5
2026-01-12,21,0,0,2,5,4.313980668570497,73.33333333333333,70.83333333333334,5,5
2026-01-13,21,0,0,1,5,4.313980668570497,85,83.33333333333333,5,5
2026-01-14,21,6,28.571428571428573,4,5,4.313980668570497,95.5,95.5,5,5
2026-01-15,21,6,28.571428571428573,4,5,4.313980668570497,96.49999999999999,96.49999999999999,5,5
2026-01-16,21,6,28.571428571428573,2,5,4.313980668570497,98.33333333333333,98,5,5
2026-01-17,21,0,0,2,5,4.313980668570497,91.66666666666667,90.83333333333334,5,5
2026-01-18,21,0,0,1,5,4.313980668570497,94.16666666666667,93.5,5,5
2026-01-19,21,3,14.285714285714286,1,5,4.313980668570497,96.66666666666667,94.33333333333334,5,5
2026-01-20,21,4,19.047619047619047,1,5,4.313980668570497,97.5,95.66666666666666,5,5
2026-01-21,21,0,0,2,5,4.313980668570497,87.83333333333334,87.83333333333334,5,5
2026-01-22,21,0,0,1,5,4.313980668570497,94.16666666666667,93,5,5
2026-01-23,21,5,23.80952380952381,2,5,4.313980668570497,96.16666666666666,95.83333333333333,5,5
2026-01-24,21,0,0,1,5,4.313980668570497,93.33333333333333,92.16666666666666,5,5
2026-01-25,21,0,0,2,5,4.313980668570497,92.5,92.00000000000001,5,5
2026-01-26,21,0,0,2,5,4.313980668570497,92.5,92.16666666666667,5,5
2026-01-27,21,5,23.80952380952381,1,5,4.313980668570497,98.33333333333333,97.33333333333333,5,5
2026-01-28,21,5,23.80952380952381,1,5,4.313980668570497,100,99.66666666666667,5,5
2026-01-29,21,7,33.333333333333336,1,5,4.313980668570497,100,100,5,5
2026-01-30,21,7,33.333333333333336,4,5,4.313980668570497,100,99.83193277310924,5,5
2026-01-31,21,8,38.095238095238095,3,5,4.313980668570497,97.47471870103973,97.47471870103973,5,5
2026-02-01,21,6,28.571428571428573,3,5,4.313980668570497,97.83193277310924,97.83193277310924,5,5
2026-02-02,21,10,47.61904761904762,3,5,4.313980668570497,98.01652892561984,98.01652892561984,5,5
2026-02-03,21,7,33.333333333333336,1,5,4.313980668570497,100,100,5,5
2026-02-04,21,7,33.333333333333336,1,5,4.313980668570497,100,100,5,5
2026-02-05,21,7,33.333333333333336,1,5,4.313980668570497,100,100,5,5
2026-02-06,21,5,23.80952380952381,1,5,4.313980668570497,100,100,5,5
2026-02-07,21,5,23.80952380952381,1,5,4.313980668570497,100,100,5,5
2026-02-08,21,5,23.80952380952381,3,5,4.313980668570497,98.01652892561984,97.1900826446281,5,5
2026-02-09,21,3,14.285714285714286,1,5,4.313980668570497,95.86776859504133,95.04132231404961,5,5
2026-02-10,21,8,38.095238095238095,1,5,4.313980668570497,100,99.50413223140495,5,5
2026-02-11,21,9,42.857142857142854,1,5,4.313980668570497,100,100,5,5
2026-02-12,21,9,42.857142857142854,1,5,4.313980668570497,100,100,5,5
2026-02-13,21,9,42.857142857142854,3,5,4.313980668570497,99.66942148760332,99.50413223140497,5,5
2026-02-14,21,4,19.047619047619047,1,5,4.313980668570497,100,98.18181818181817,5,5
2026-02-15,21,1,4.761904761904762,2,5,4.313980668570497,94.87603305785125,94.04958677685951,5,5
2026-02-16,21,4,19.047619047619047,1,5,4.313980668570497,99.17355371900827,96.03305785123968,5,5
2026-02-17,21,4,19.047619047619047,2,5,4.313980668570497,95.70247933884298,93.71900826446281,5,5
2026-02-18,21,4,19.047619047619047,2,5,4.313980668570497,97.35537190082644,94.38016528925621,5,5
2026-02-19,21,0,0,1,5,4.313980668570497,85.12396694214875,83.30578512396694,5,5
2026-02-20,21,0,0,2,5,4.313980668570497,89.58677685950413,87.76859504132231,5,5
2026-02-21,21,0,0,2,5,4.313980668570497,90.41322314049586,87.27272727272727,5,5
2026-02-22,21,1,4.761904761904762,3,5,4.313980668570497,93.88429752066118,93.38842975206612,5,5
2026-02-23,21,5,23.80952380952381,3,5,4.313980668570497,98.01652892561984,97.35537190082644,5,5
2026-02-24,21,4,19.047619047619047,1,5,4.313980668570497,97.52066115702479,95.53719008264463,5,5
2026-02-25,21,3,14.285714285714286,3,5,4.313980668570497,100,96.52892561983471,5,5
2026-02-26,21,6,28.571428571428573,1,5,4.313980668570497,100,99.00826446280992,5,5
2026-02-27,21,0,0,3,5,4.313980668570497,90.74380165289256,86.85950413223141,5,5
2026-02-28,21,0,0,2,5,4.313980668570497,84.04958677685951,83.55371900826447,5,5
2026-03-01,21,0,0,2,5,4.313980668570497,86.94214876033058,86.61157024793388,5,5
2026-03-02,21,3,14.285714285714286,1,5,4.313980668570497,97.10743801652893,92.56198347107438,5,5
2026-03-03,21,6,28.571428571428573,2,5,4.313980668570497,98.34710743801652,97.5206611570248,5,5
2026-03-04,21,7,33.333333333333336,3,5,4.313980668570497,99.3388429752066,98.6776859504132,5,5
2026-03-05,21,3,14.285714285714286,3,5,4.313980668570497,100,93.88429752066115,5,5
2026-03-06,21,3,14.285714285714286,3,5,4.313980668570497,97.52066115702479,93.05785123966942,5,5
2026-03-07,21,0,0,2,5,4.313980668570497,89.33884297520662,85.37190082644628,5,5
2026-03-08,21,0,0,2,5,4.313980668570497,90.99173553719008,83.71900826446281,5,5
2026-03-09,21,3,14.285714285714286,2,5,4.313980668570497,97.35537190082644,86.19834710743802,5,5
2026-03-10,21,0,0,3,5,4.313980668570497,80.99173553719008,79.6694214876033,5,5
2026-03-11,21,0,0,2,5,4.313980668570497,79.50413223140495,74.87603305785123,5,5
2026-03-12,21,0,0,3,5,4.313980668570497,67.93388429752068,67.85123966942149,5,5
2026-03-13,21,6,28.571428571428573,3,5,4.313980668570497,98.6776859504132,98.6776859504132,5,5
2026-03-14,21,6,28.571428571428573,3,5,4.313980668570497,97.68595041322314,97.68595041322314,5,5
2026-03-15,21,0,0,3,5,4.313980668570497,89.25619834710744,88.92561983471074,5,5
2026-03-16,21,0,0,2,5,4.313980668570497,87.7685950413223,86.44628099173553,5,5
2026-03-17,21,0,0,1,5,4.313980668570497,90.9090909090909,90.41322314049586,5,5
2026-03-18,21,0,0,3,5,4.313980668570497,89.6694214876033,89.17355371900825,5,5
2026-03-19,21,4,19.047619047619047,1,5,4.313980668570497,97.52066115702479,96.03305785123966,5,5
2026-03-20,21,1,4.761904761904762,2,5,4.313980668570497,95.37190082644629,93.47107438016528,5,5
2026-03-21,21,2,9.523809523809524,2,5,4.313980668570497,97.10743801652893,94.87603305785126,5,5
2026-03-22,21,3,14.285714285714286,2,5,4.313980668570497,97.10743801652893,94.38016528925621,5,5
2026-03-23,21,4,19.047619047619047,3,5,4.313980668570497,98.34710743801654,96.28099173553719,5,5
2026-03-24,21,4,19.047619047619047,3,5,4.313980668570497,99.25619834710743,97.52066115702479,5,5
2026-03-25,21,1,4.761904761904762,3,5,4.313980668570497,81.65289256198346,80.57851239669421,5,5
2026-03-26,21,1,4.761904761904762,2,5,4.313980668570497,90.08264462809916,89.17355371900825,5,5
2026-03-27,21,1,4.761904761904762,3,5,4.313980668570497,91.73553719008264,90.49586776859505,5,5
2026-03-28,21,0,0,1,5,4.313980668570497,90.49586776859505,89.83471074380165,5,5
2026-03-29,21,0,0,4,5,4.313980668570497,94.13223140495867,93.71900826446281,5,5
2026-03-30,21,5,23.80952380952381,4,5,4.313980668570497,96.94214876033058,96.69421487603306,5,5
2026-03-31,21,6,28.571428571428573,4,5,4.313980668570497,99.09836065573771,98.93442622950819,5,5
2026-04-01,21,8,38.095238095238095,1,5,4.313980668570497,100,100,5,5
2026-04-02,21,8,38.095238095238095,1,5,4.313980668570497,100,100,5,5
2026-04-03,21,8,38.095238095238095,1,5,4.313980668570497,100,100,5,5
2026-04-04,21,7,33.333333333333336,1,5,4.313980668570497,100,100,5,5
2026-04-05,21,8,38.095238095238095,1,5,4.313980668570497,100,100,5,5
2026-04-06,21,7,33.333333333333336,2,5,4.313980668570497,97.70491803278688,97.37704918032787,5,5
2026-04-07,21,3,14.285714285714286,2,5,4.313980668570497,97.95081967213115,95.1639344262295,5,5
2026-04-08,21,7,33.333333333333336,2,5,4.313980668570497,99.59016393442623,98.52459016393443,5,5
2026-04-09,21,7,33.333333333333336,2,5,4.313980668570497,100,98.60655737704917,5,5
2026-04-10,21,11,52.38095238095238,2,5,4.313980668570497,100,99.34426229508196,5,5
2026-04-11,21,3,14.285714285714286,2,5,4.313980668570497,100,96.88524590163934,5,5
2026-04-12,21,8,38.095238095238095,2,5,4.313980668570497,100,98.11475409836065,5,5
2026-04-13,21,8,38.095238095238095,2,5,4.313980668570497,100,99.18032786885246,5,5
2026-04-14,21,8,38.095238095238095,2,5,4.313980668570497,100,98.60655737704917,5,5
2026-04-15,21,3,14.285714285714286,2,5,4.313980668570497,100,88.19672131147541,5,5
2026-04-16,21,3,14.285714285714286,2,5,4.313980668570497,100,93.60655737704919,5,5
2026-04-17,21,3,14.285714285714286,2,5,4.313980668570497,100,97.45901639344262,5,5
2026-04-18,21,0,0,2,5,4.313980668570497,91.72131147540983,91.47540983606557,5,5
2026-04-19,21,4,19.047619047619047,2,5,4.313980668570497,96.22950819672133,95.57377049180327,5,5
2026-04-20,21,4,19.047619047619047,2,5,4.313980668570497,98.27868852459017,97.21311475409837,5,5
2026-04-21,21,4,19.047619047619047,2,5,4.313980668570497,99.09836065573771,97.70491803278688,5,5
2026-04-22,21,0,0,2,5,4.313980668570497,94.26229508196721,93.44262295081967,5,5
2026-04-23,21,3,14.285714285714286,2,5,4.313980668570497,95.49180327868852,91.72131147540985,5,5
2026-04-24,21,3,14.285714285714286,3,5,4.313980668570497,96.72131147540983,95.49180327868852,5,5
2026-04-25,21,4,19.047619047619047,3,5,4.313980668570497,97.1311475409836,94.42622950819671,5,5
2026-04-26,21,4,19.047619047619047,3,5,4.313980668570497,97.1311475409836,95.57377049180329,5,5
2026-04-27,21,5,23.80952380952381,1,5,4.313980668570497,97.1311475409836,96.88524590163934,5,5
2026-04-28,21,4,19.047619047619047,1,5,4.313980668570497,97.95081967213115,96.72131147540983,5,5
2026-04-29,21,9,42.857142857142854,2,5,4.313980668570497,98.85245901639344,97.95081967213113,5,5
2026-04-30,21,7,33.333333333333336,4,5,4.313980668570497,97.70491803278688,97.62295081967213,5,5
2026-05-01,21,6,28.571428571428573,3,5,4.313980668570497,99.18032786885246,97.70491803278688,5,5
2026-05-02,21,4,19.047619047619047,1,5,4.313980668570497,99.18032786885246,95.49180327868854,5,5
2026-05-03,21,1,4.761904761904762,2,5,4.313980668570497,92.86885245901638,91.55737704918032,5,5
2026-05-04,21,2,9.523809523809524,4,5,4.313980668570497,95.65573770491801,94.99999999999997,5,5
2026-05-05,21,3,14.285714285714286,3,5,4.313980668570497,98.11475409836063,96.63934426229507,5,5
2026-05-06,21,3,14.285714285714286,3,5,4.313980668570497,98.27868852459014,96.88524590163932,5,5
2026-05-07,21,2,9.523809523809524,2,5,4.313980668570497,96.0655737704918,94.26229508196721,5,5
2026-05-08,21,2,9.523809523809524,2,5,4.313980668570497,96.72131147540983,92.86885245901638,5,5
2026-05-09,21,9,42.857142857142854,3,5,4.313980668570497,99.34426229508196,98.7704918032787,5,5
2026-05-10,21,5,23.80952380952381,1,5,4.313980668570497,100,100,5,5
2026-05-11,21,5,23.80952380952381,1,5,4.313980668570497,100,100,5,5
2026-05-12,21,5,23.80952380952381,1,5,4.313980668570497,100,100,5,5
2026-05-13,21,4,19.047619047619047,4,5,4.313980668570497,97.70491803278688,96.55737704918032,5,5
2026-05-14,21,0,0,2,5,4.313980668570497,91.96721311475407,89.83606557377047,5,5
2026-05-15,21,7,33.333333333333336,1,5,4.313980668570497,96.72131147540983,95.90163934426229,5,5
2026-05-16,21,7,33.333333333333336,2,5,4.313980668570497,97.54098360655738,97.54098360655738,5,5
2026-05-17,21,1,4.761904761904762,1,5,4.313980668570497,95.08196721311475,92.95081967213113,5,5
2026-05-18,21,0,0,2,5,4.313980668570497,89.34426229508196,85.08196721311477,5,5
2026-05-19,21,0,0,1,5,4.313980668570497,91.80327868852459,86.47540983606557,5,5
2026-05-20,21,0,0,1,5,4.313980668570497,93.44262295081967,92.62295081967213,5,5
2026-05-21,21,4,19.047619047619047,1,5,4.313980668570497,99.18032786885246,98.0327868852459,5,5
2026-05-22,21,9,42.857142857142854,1,5,4.313980668570497,100,99.50819672131146,5,5
2026-05-23,21,7,33.333333333333336,1,5,4.313980668570497,100,99.672131147541,5,5
2026-05-24,21,7,33.333333333333336,1,5,4.313980668570497,100,99.50819672131146,5,5
2026-05-25,21,7,33.333333333333336,1,5,4.313980668570497,100,99.8360655737705,5,5
2026-05-26,21,13,61.904761904761905,1,5,4.313980668570497,100,100,5,5
2026-05-27,21,10,47.61904761904762,1,5,4.313980668570497,100,100,5,5
2026-05-28,21,8,38.095238095238095,1,5,4.313980668570497,100,99.75409836065573,5,5
2026-05-29,21,8,38.095238095238095,2,5,4.313980668570497,100,100,5,5
2026-05-30,21,7,33.333333333333336,2,5,4.313980668570497,100,100,5,5
2026-05-31,21,5,23.80952380952381,2,5,4.313980668570497,100,100,5,5
2026-06-01,21,5,23.80952380952381,2,5,4.313980668570497,100,100,5,5
2026-06-02,21,1,4.761904761904762,3,5,4.313980668570497,93.44262295081967,91.9672131147541,5,5
2026-06-03,21,0,0,3,5,4.313980668570497,89.26229508196721,88.27868852459017,5,5
2026-06-04,21,4,19.047619047619047,2,5,4.313980668570497,96.0655737704918,95.24590163934425,5,5
2026-06-05,21,6,28.571428571428573,3,5,4.313980668570497,99.50819672131149,99.50819672131149,5,5
2026-06-06,21,7,33.333333333333336,4,5,4.313980668570497,97.86885245901638,97.70491803278688,5,5
2026-06-07,21,2,9.523809523809524,3,5,4.313980668570497,95.73770491803279,94.75409836065573,5,5
2026-06-08,21,4,19.047619047619047,2,5,4.313980668570497,96.88524590163937,95.98360655737704,5,5
2026-06-09,21,8,38.095238095238095,2,5,4.313980668570497,97.54098360655738,97.1311475409836,5,5
2026-06-10,21,12,57.142857142857146,4,5,4.313980668570497,98.60655737704917,98.3606557377049,5,5
2026-06-11,21,10,47.61904761904762,1,5,4.313980668570497,100,100,5,5
2026-06-12,21,7,33.333333333333336,1,5,4.313980668570497,100,100,5,5
2026-06-13,21,10,47.61904761904762,1,5,4.313980668570497,100,99.59016393442623,5,5
2026-06-14,21,6,28.571428571428573,3,5,4.313980668570497,99.50819672131149,99.26229508196721,5,5
2026-06-15,21,5,23.80952380952381,2,5,4.313980668570497,100,99.91803278688525,5,5
2026-06-16,21,4,19.047619047619047,1,5,4.313980668570497,100,97.62295081967213,5,5
2026-06-17,21,4,19.047619047619047,1,5,4.313980668570497,100,97.95081967213115,5,5
2026-06-18,21,7,33.333333333333336,2,5,4.313980668570497,100,100,5,5
2026-06-19,21,7,33.333333333333336,3,5,4.313980668570497,100,100,5,5
2026-06-20,21,5,23.80952380952381,1,5,4.313980668570497,100,99.18032786885246,5,5
2026-06-21,21,6,28.571428571428573,2,5,4.313980668570497,100,100,5,5
2026-06-22,21,6,28.571428571428573,2,5,4.313980668570497,100,100,5,5
2026-06-23,21,7,33.333333333333336,1,5,4.313980668570497,100,100,5,5
2026-06-24,21,7,33.333333333333336,3,5,4.313980668570497,100,100,5,5
2026-06-25,21,8,38.095238095238095,3,5,4.313980668570497,100,100,5,5
2026-06-26,21,7,33.333333333333336,3,5,4.313980668570497,100,100,5,5
2026-06-27,21,12,57.142857142857146,3,5,4.313980668570497,100,100,5,5
2026-06-28,21,8,38.095238095238095,2,5,4.313980668570497,97.54098360655738,97.21311475409837,5,5
2026-06-29,21,3,14.285714285714286,2,5,4.313980668570497,96.72131147540983,94.26229508196721,5,5
2026-06-30,21,1,4.761904761904762,3,5,4.313980668570497,90.1639344262295,89.50819672131146,5,5
2026-07-01,21,5,23.80952380952381,1,5,4.313980668570497,99.18032786885246,98.36065573770493,5,5
2026-07-02,21,5,23.80952380952381,1,5,4.313980668570497,100,100,5,5
2026-07-03,21,5,23.80952380952381,1,5,4.313980668570497,100,100,5,5
2026-07-04,21,5,23.80952380952381,1,5,4.313980668570497,100,100,5,5
2026-07-05,21,9,42.857142857142854,1,5,4.313980668570497,100,100,5,5
2026-07-06,21,7,33.333333333333336,1,5,4.313980668570497,100,99.67213114754098,5,5
2026-07-07,21,4,19.047619047619047,1,5,4.313980668570497,100,98.52459016393443,5,5
2026-07-08,21,4,19.047619047619047,1,5,4.313980668570497,100,98.11475409836065,5,5
2026-07-09,21,4,19.047619047619047,1,5,4.313980668570497,100,98.52459016393443,5,5
2026-07-10,21,10,47.61904761904762,4,5,4.313980668570497,100,100,5,5
2026-07-11,21,13,61.904761904761905,1,5,4.313980668570497,100,99.67213114754098,5,5
2026-07-12,21,7,33.333333333333336,2,5,4.313980668570497,100,99.672131147541,5,5
2026-07-13,21,7,33.333333333333336,3,5,4.313980668570497,96.88524590163934,96.72131147540983,5,5
2026-07-14,21,13,61.904761904761905,1,5,4.313980668570497,100,99.8360655737705,5,5
2026-07-15,21,15,71.42857142857143,2,5,4.313980668570497,100,100,5,5
2026-07-16,21,11,52.38095238095238,2,5,4.313980668570497,100,100,5,5
2026-07-17,21,11,52.38095238095238,3,5,4.313980668570497,99.18032786885246,99.18032786885246,5,5
2026-07-18,21,4,19.047619047619047,3,5,4.313980668570497,100,97.95081967213115,5,5
2026-07-19,21,6,28.571428571428573,3,5,4.313980668570497,100,98.85245901639344,5,5
2026-07-20,21,9,42.857142857142854,3,5,4.313980668570497,100,100,5,5
2026-07-21,21,7,33.333333333333336,3,5,4.313980668570497,100,98.19672131147541,5,5
2026-07-22,21,4,19.047619047619047,3,5,4.313980668570497,100,98.3606557377049,5,5
2026-07-23,21,3,14.285714285714286,2,5,4.313980668570497,98.68852459016394,96.0655737704918,5,5
2026-07-24,21,11,52.38095238095238,2,5,4.313980668570497,99.672131147541,99.34426229508196,5,5
2026-07-25,21,2,9.523809523809524,2,5,4.313980668570497,98.0327868852459,94.09836065573771,5,5
2026-07-26,21,1,4.761904761904762,1,5,4.313980668570497,95.08196721311475,92.45901639344262,5,5
2026-07-27,21,2,9.523809523809524,1,5,4.313980668570497,95.90163934426229,94.91803278688523,5,5
2026-07-28,21,7,33.333333333333336,2,5,4.313980668570497,98.36065573770492,97.54098360655738,5,5
2026-07-29,21,13,61.904761904761905,3,5,4.313980668570497,100,99.34426229508196,5,5
2026-07-30,21,3,14.285714285714286,4,5,4.313980668570497,96.63934426229507,95.65573770491802,5,5
2026-07-31,21,3,14.285714285714286,3,5,4.313980668570497,97.95081967213115,95.81967213114754,5,5
2026-08-01,21,5,23.80952380952381,3,5,4.313980668570497,99.09836065573771,97.86885245901638,5,5
2026-08-02,21,10,47.61904761904762,3,5,4.313980668570497,99.672131147541,99.18032786885246,5,5
2026-08-03,21,11,52.38095238095238,4,5,4.313980668570497,99.8360655737705,99.672131147541,5,5
2026-08-04,0,0,,,,,,,0,0
2026-08-05,21,1,4.761904761904762,1,5,4.313980668570497,95.08196721311475,88.19672131147541,5,5
2026-08-06,21,0,0,1,5,4.313980668570497,94.26229508196721,88.85245901639344,5,5
2026-08-07,21,0,0,1,5,4.313980668570497,90.1639344262295,87.21311475409836,5,5
2026-08-08,21,3,14.285714285714286,1,5,4.313980668570497,95.90163934426229,93.44262295081967,5,5
2026-08-09,21,6,28.571428571428573,1,5,4.313980668570497,98.36065573770492,97.54098360655738,5,5
2026-08-10,21,2,9.523809523809524,1,5,4.313980668570497,96.72131147540983,90.65573770491804,5,5
2026-08-11,21,5,23.80952380952381,1,5,4.313980668570497,96.72131147540983,95.73770491803279,5,5
2026-08-12,21,7,33.333333333333336,3,5,4.313980668570497,99.18032786885246,98.85245901639344,5,5
2026-08-13,21,7,33.333333333333336,3,5,4.313980668570497,100,99.34426229508196,5,5
2026-08-14,21,12,57.142857142857146,3,5,4.313980668570497,100,99.34426229508196,5,5
2026-08-15,21,6,28.571428571428573,3,5,4.313980668570497,96.72131147540983,96.55737704918033,5,5
2026-08-16,21,0,0,1,5,4.313980668570497,93.44262295081967,92.45901639344261,5,5
2026-08-17,21,5,23.80952380952381,1,5,4.313980668570497,99.18032786885246,98.85245901639344,5,5
2026-08-18,21,0,0,1,5,4.313980668570497,93.44262295081967,91.96721311475407,5,5
2026-08-19,21,3,14.285714285714286,2,5,4.313980668570497,98.36065573770492,95.73770491803279,5,5
2026-08-20,21,1,4.761904761904762,2,5,4.313980668570497,94.59016393442623,91.39344262295081,5,5
2026-08-21,21,1,4.761904761904762,3,5,4.313980668570497,95.57377049180329,93.6065573770492,5,5
2026-08-22,21,0,0,2,5,4.313980668570497,93.44262295081967,89.50819672131146,5,5
2026-08-23,21,0,0,3,5,4.313980668570497,89.18032786885246,89.01639344262294,5,5
2026-08-24,21,2,9.523809523809524,1,5,4.313980668570497,95.90163934426229,94.67213114754098,5,5
2026-08-25,21,8,38.095238095238095,2,5,4.313980668570497,96.88524590163934,96.39344262295081,5,5
2026-08-26,21,11,52.38095238095238,4,5,4.313980668570497,98.1967213114754,98.0327868852459,5,5
2026-08-27,0,0,,,,,,,0,0
2026-08-28,21,3,14.285714285714286,2,5,4.313980668570497,100,81.63934426229508,5,5
2026-08-29,21,1,4.761904761904762,1,5,4.313980668570497,96.72131147540983,83.77049180327869,5,5
2026-08-30,21,0,0,1,5,4.313980668570497,92.62295081967213,91.14754098360655,5,5
2026-08-31,21,0,0,4,5,4.313980668570497,80.32786885245902,79.75409836065573,5,5
2026-09-01,21,0,0,1,5,4.313980668570497,86.88524590163935,79.8360655737705,5,5
2026-09-02,21,0,0,3,5,4.313980668570497,80,79.8360655737705,5,5
2026-09-03,21,5,23.80952380952381,1,5,4.313980668570497,99.18032786885246,97.78688524590163,5,5
2026-09-04,21,4,19.047619047619047,1,5,4.313980668570497,98.36065573770492,95.73770491803278,5,5
2026-09-05,21,3,14.285714285714286,1,5,4.313980668570497,95.90163934426229,95.24590163934424,5,5
2026-09-06,21,4,19.047619047619047,1,5,4.313980668570497,98.36065573770492,96.2295081967213,5,5
2026-09-07,21,0,0,3,5,4.313980668570497,90.98360655737704,90.98360655737704,5,5
2026-09-08,21,0,0,2,5,4.313980668570497,82.21311475409837,75.81967213114754,5,5
2026-09-09,21,0,0,1,5,4.313980668570497,93.44262295081967,89.26229508196721,5,5
2026-09-10,21,0,0,1,5,4.313980668570497,93.44262295081967,89.42622950819671,5,5
2026-09-11,21,0,0,2,5,4.313980668570497,90.57377049180327,89.59016393442622,5,5
2026-09-12,21,5,23.80952380952381,1,5,4.313980668570497,98.36065573770492,97.54098360655738,5,5
2026-09-13,21,5,23.80952380952381,1,5,4.313980668570497,99.18032786885246,98.60655737704919,5,5
2026-09-14,21,5,23.80952380952381,2,5,4.313980668570497,96.88524590163934,96.47540983606557,5,5
2026-09-15,21,0,0,1,5,4.313980668570497,94.26229508196721,94.09836065573771,5,5
2026-09-16,21,0,0,3,5,4.313980668570497,77.78688524590163,77.21311475409837,5,5
2026-09-17,21,0,0,2,5,4.313980668570497,80.49180327868854,79.672131147541,5,5
2026-09-18,21,0,0,2,5,4.313980668570497,83.11475409836066,82.95081967213116,5,5
2026-09-19,21,5,23.80952380952381,1,5,4.313980668570497,96.72131147540983,95.73770491803279,5,5
2026-09-20,21,5,23.80952380952381,1,5,4.313980668570497,99.18032786885246,98.52459016393443,5,5
2026-09-21,21,5,23.80952380952381,1,5,4.313980668570497,99.18032786885246,98.60655737704919,5,5