month,n,events,modelBrier,seasonalBrier
2026-01,651,114,0.12603262396841208,0.1464013361358918
2026-02,588,95,0.10152894947977936,0.12929525910503734
2026-03,651,28,0.03808129735340276,0.04484385102733456
2026-04,630,31,0.04388890101937977,0.04880787209091059
2026-05,651,54,0.06358784877480829,0.07688903328106442
2026-06,630,32,0.04559954928446199,0.05053082106932263
2026-07,651,10,0.01760651814869374,0.02409734243803258
2026-08,483,20,0.03900535407769906,0.04789467816262822
2026-09,441,10,0.026482583843767213,0.027165609566754206
