feature,coefficient
Temperature mean,0.04764212466308059
Temperature minimum,0.1484340543692827
Temperature maximum,-0.04270502939059802
Relative humidity,-0.03819605277425615
Daily rainfall,-0.06531000750227342
Mean wind,-0.05926967824097374
Maximum wind,0.17942693624924183
Surface pressure,-0.3006372679232952
Cloud cover,0.6956600053969577
Solar radiation,-0.02473365928969359
Log rainfall,0.2892210121693035
Previous-day rainfall,0.025541455076411812
Three-day rainfall,0.07553520314808727
Three-day mean temperature,0.027367379012768603
Three-day mean humidity,0.020069307362736103
Pressure change,-0.028317353926086145
Season sine,-0.024022154240311844
Season cosine,-0.010705503927892091
