month,valid,flagged,missing,incomplete,flaggedPct
2025-01,651,138,0,0,21.19815668202765
2025-02,588,9,0,0,1.530612244897959
2025-03,651,139,0,0,21.351766513056834
2025-04,630,162,0,0,25.714285714285715
2025-05,651,100,0,0,15.360983102918587
2025-06,630,164,0,0,26.03174603174603
2025-07,651,152,0,0,23.34869431643625
2025-08,651,145,0,0,22.27342549923195
2025-09,630,36,0,0,5.714285714285714
2025-10,651,65,0,0,9.98463901689708
2025-11,630,87,0,0,13.80952380952381
2025-12,651,166,0,0,25.499231950844855
2026-01,651,103,0,0,15.821812596006144
2026-02,588,126,0,0,21.428571428571427
2026-03,651,69,0,0,10.599078341013826
2026-04,630,161,0,0,25.555555555555557
2026-05,651,151,0,0,23.195084485407065
2026-06,630,179,0,0,28.41269841269841
2026-07,651,210,0,0,32.25806451612903
2026-08,609,110,42,222,18.0623973727422
2026-09,441,46,0,144,10.430839002267573