task,model,selected,n,events,eventRate,brier,rocAuc,averagePrecision,threshold,precision,recall,f1,tn,fp,fn,tp
rain_3,logistic,True,5082,551,0.10842188114915388,0.08135939442674117,0.7677653959555089,0.3997046397332964,0.17543960905324507,0.30979978925184404,0.5335753176043557,0.39199999999999996,3876,655,257,294
rain_3,boosted,False,5082,551,0.10842188114915388,0.08598894050799787,0.7768309940674866,0.3023439356965204,0.13093093487696228,0.2514450867052023,0.631578947368421,0.3596899224806202,3495,1036,203,348
rain_3,seasonal,False,5082,551,0.10842188114915388,0.09797772343182194,0.6222431797726571,0.14715175820965778,0.1391304347826087,0.17692806221646143,0.4954627949183303,0.2607449856733524,3261,1270,278,273
rain_3,persistence,False,5082,551,0.10842188114915388,0.09153378760240742,0.6466665812164716,0.20735248918290616,0.23602177140029687,0.3782771535580524,0.3666061705989111,0.3723502304147466,4199,332,349,202
heat_3,logistic,True,5082,862,0.16961826052735143,0.05912541185620339,0.9624759459429741,0.8386168100270577,0.387871865896435,0.7350230414746544,0.740139211136891,0.7375722543352601,3990,230,224,638
heat_3,boosted,False,5082,862,0.16961826052735143,0.06036628611263572,0.9614783211092905,0.8476306564798087,0.2539781654382116,0.6952089704383282,0.7911832946635731,0.7400976668475312,3921,299,180,682
heat_3,seasonal,False,5082,862,0.16961826052735143,0.08280675899889467,0.9275073949043884,0.7701290672807655,0.18548387096774194,0.654042988741044,0.7412993039443155,0.6949429037520392,3882,338,223,639
heat_3,persistence,False,5082,862,0.16961826052735143,0.08416883387366783,0.8203717245246919,0.5446068748861709,0.6288147622427254,0.704784130688448,0.7006960556844548,0.7027341477603258,3967,253,258,604
dry_3,logistic,True,5082,2779,0.546831955922865,0.21703848882823212,0.710628704177804,0.7147540565531211,0.40302321071744135,0.6514973576042278,0.7984886649874056,0.7175424413904608,1116,1187,560,2219
dry_3,boosted,False,5082,2779,0.546831955922865,0.21105856596260766,0.7300338263669413,0.7689011588925088,0.2885253218771377,0.6141439205955335,0.8906081324217344,0.7269789983844911,748,1555,304,2475
dry_3,seasonal,False,5082,2779,0.546831955922865,0.257505539712599,0.5529792249638557,0.6584405601722556,0.18548387096774194,0.5448042916749454,0.9866858582223822,0.7019969278033794,12,2291,37,2742
dry_3,persistence,False,5082,2779,0.546831955922865,0.2281871033835854,0.6486977340912248,0.6386459159941705,0.3362155388471178,0.546831955922865,1.0,0.7070347284060553,0,2303,0,2779
compound_3,logistic,True,5082,736,0.14482487209759937,0.06849949726420565,0.945032851297545,0.6794140810498166,0.2734841357266111,0.6142697881828316,0.748641304347826,0.6748315982853642,4000,346,185,551
compound_3,boosted,False,5082,736,0.14482487209759937,0.07051420046378234,0.9437973323795994,0.6915505223066947,0.26654425936788995,0.6327944572748267,0.7445652173913043,0.6841448189762795,4028,318,188,548
compound_3,seasonal,False,5082,736,0.14482487209759937,0.08517714584094928,0.9177964119930371,0.6168129242000091,0.1774193548387097,0.5610810810810811,0.7051630434782609,0.6249247441300423,3940,406,217,519
compound_3,persistence,False,5082,736,0.14482487209759937,0.09269699673507631,0.7555560835550932,0.39969503110718607,0.5306298533218292,0.5831062670299727,0.5815217391304348,0.582312925170068,4040,306,308,428
rain_7,logistic,True,4830,490,0.10144927536231885,0.07631955378788872,0.7621905859117841,0.40244132143160716,0.13156797306304518,0.2264280798348245,0.6714285714285714,0.33865156973751925,3216,1124,161,329
rain_7,boosted,False,4830,490,0.10144927536231885,0.088723563759018,0.7477816702717954,0.20533254894372094,0.1733729890504755,0.24645583424209377,0.46122448979591835,0.3212508884150675,3649,691,264,226
rain_7,seasonal,False,4830,490,0.10144927536231885,0.09553846864975676,0.6636998025016458,0.14993449577243695,0.16216216216216217,0.19970631424375918,0.5551020408163265,0.2937365010799136,3250,1090,218,272
rain_7,persistence,False,4830,490,0.10144927536231885,0.08568088527906144,0.6563528637261357,0.2079505013786721,0.258186995728524,0.3790322580645161,0.3836734693877551,0.3813387423935091,4032,308,302,188
heat_7,logistic,True,4830,1074,0.22236024844720498,0.07165713863331409,0.954737596753946,0.8562217832752788,0.2258417776453937,0.7207278481012658,0.8482309124767226,0.7792985457656115,3403,353,163,911
heat_7,boosted,False,4830,1074,0.22236024844720498,0.07865289480414385,0.9490119347219496,0.8617439029847198,0.26064882951503515,0.744122965641953,0.7662942271880819,0.7550458715596331,3473,283,251,823
heat_7,seasonal,False,4830,1074,0.22236024844720498,0.09309445896801002,0.9287571914731587,0.8251677261585106,0.27419354838709675,0.8027571580063627,0.7048417132216015,0.7506197322756569,3570,186,317,757
heat_7,persistence,False,4830,1074,0.22236024844720498,0.10766288158869573,0.8041070971733867,0.5649374570858662,0.6891367604267701,0.724308300395257,0.6824953445065177,0.7027804410354747,3477,279,341,733
dry_7,logistic,True,4830,2080,0.4306418219461698,0.2220161719348649,0.6919451923076924,0.6007331172003186,0.22813656502106275,0.49958088851634536,0.8596153846153847,0.631913765682983,959,1791,292,1788
dry_7,boosted,False,4830,2080,0.4306418219461698,0.2235586121320918,0.7066293706293707,0.6230804093538155,0.24112936959917572,0.5480737018425461,0.7865384615384615,0.6460019743336624,1401,1349,444,1636
dry_7,seasonal,False,4830,2080,0.4306418219461698,0.25777355378661204,0.5595723776223777,0.5767980745232613,0.024193548387096774,0.4306418219461698,1.0,0.6020260492040521,0,2750,0,2080
dry_7,persistence,False,4830,2080,0.4306418219461698,0.23551194025623445,0.6169667832167832,0.5054052498294705,0.24847498983326555,0.4306418219461698,1.0,0.6020260492040521,0,2750,0,2080
compound_7,logistic,True,4830,788,0.16314699792960663,0.09258690796186783,0.9064822535961239,0.5507707199442345,0.18435951960364586,0.5441426146010186,0.8134517766497462,0.6520854526958291,3505,537,147,641
compound_7,boosted,False,4830,788,0.16314699792960663,0.10323458191199401,0.8987716539784043,0.5487299165046162,0.138557540843227,0.5301318267419962,0.7144670050761421,0.6086486486486486,3543,499,225,563
compound_7,seasonal,False,4830,788,0.16314699792960663,0.09563425910287643,0.8855307657916747,0.5896868468864884,0.20967741935483872,0.6255868544600939,0.6763959390862944,0.6499999999999999,3723,319,255,533
compound_7,persistence,False,4830,788,0.16314699792960663,0.11541992927286115,0.7035043841692683,0.3365227341576552,0.5025017869907077,0.509020618556701,0.501269035532995,0.5051150895140665,3661,381,393,395
