group,city,cityName,siteCodes,valid,flagged,incomplete,missing,flaggedPct
0,BE,Benevento,BN1;BN2;BN3;BN6;BN7;BN8;BN10;BN11;BN12;BN17;BN18;BN19,627,55,5,2,8.771929824561404
1,BE,Benevento,BN4;BN5;BN9;BN13;BN14;BN15;BN16,627,52,16,2,8.293460925039872
2,BE,Benevento,BN20,627,61,5,2,9.728867623604465
3,CO,Coimbra,C1;C2;C3;C4;C5;C6;C8;C9;C10;C11;C12;C16;C18;C20,627,120,43,2,19.138755980861244
4,CO,Coimbra,C13,627,115,43,2,18.341307814992025
5,CO,Coimbra,C14;C15,627,119,43,2,18.9792663476874
6,CO,Coimbra,C17,627,110,43,2,17.54385964912281
7,CO,Coimbra,C7;C19,627,103,43,2,16.427432216905903
8,GH,Ghent,G13;G14;G15;G16;G17;G18;G1;G19;G20,627,149,14,2,23.76395534290271
9,GH,Ghent,G6;G8;G10;G22;G11;G12;G4;G21;G5;G3,627,153,14,2,24.401913875598087
10,GH,Ghent,G2;G9;G7,627,156,12,2,24.880382775119617
11,OS,Oslo,O1;O2;O3;O9;O10;O13;O14;O20,627,113,4,2,18.02232854864434
12,OS,Oslo,O17;O5;O4;O11;O12;O15;O16,627,102,4,2,16.267942583732058
13,OS,Oslo,O18,627,118,4,2,18.819776714513555
14,OS,Oslo,O19,627,116,4,2,18.50079744816587
15,OS,Oslo,O6,627,125,4,2,19.936204146730464
16,OS,Oslo,O7;O8,627,110,4,2,17.54385964912281
17,TO,Toulouse,T1;T3;T2;T5;T6;T7;T8;T15;T13;T14;T4,627,160,13,2,25.518341307814993
18,TO,Toulouse,T10;T11,627,156,16,2,24.880382775119617
19,TO,Toulouse,T21;T24;T9;T12;T17;T18;T19;T20;T16;T22,627,155,16,2,24.720893141945773
20,TO,Toulouse,T25,627,170,16,2,27.11323763955343